جامعةأمالقرى;Public Universities;PUBUNI
الجامعةالإسلامية;Public Universities;PUBUNI
جامعةالأماممحمدبنسعودالإسلامية;Public Universities;PUBUNI
جامعةالملكسعود;Public Universities;PUBUNI
جامعةالملكعبدالعزيز;Public Universities;PUBUNI
جامعةالملكفهدللبترولوالمعادن;Public Universities;PUBUNI
جامعةالملكفيصل;Public Universities;PUBUNI
جامعةالملكخالد;Public Universities;PUBUNI
جامعةالقصيم;Public Universities;PUBUNI
جامعةطيبة;Public Universities;PUBUNI
جامعةالطائف;Public Universities;PUBUNI
جامعةالملكسعودبنعبدالعزيزللعلومالصحية;Public Universities;PUBUNI
جامعةجازان;Public Universities;PUBUNI
جامعةحائل;Public Universities;PUBUNI
جامعةالجوف;Public Universities;PUBUNI
جامعةتبوك;Public Universities;PUBUNI
جامعةالباحة;Public Universities;PUBUNI
جامعةنجران;Public Universities;PUBUNI
جامعةالأميرةنورةبنتعبدالرحمن;Public Universities;PUBUNI
جامعةالحدودالشمالية;Public Universities;PUBUNI
جامعةشقراء;Public Universities;PUBUNI
جامعةسلمانبنعبدالعزيز;Public Universities;PUBUNI
جامعةالدمام;Public Universities;PUBUNI
جامعةالمجمعة;Public Universities;PUBUNI
الجامعةالسعوديةالإلكترونية;Public Universities;PUBUNI
إجماليالجامعاتالحكومية;Public Universities;PUBUNI
جامعةالأميرسلطان;Private Universities And Colleges;PRIUNIANDCOL
الجامعةالعربيةالأهلية;Private Universities And Colleges;PRIUNIANDCOL
جامعةالأميرمحمدبنفهد;Private Universities And Colleges;PRIUNIANDCOL
جامعةالفيصل;Private Universities And Colleges;PRIUNIANDCOL
جامعةاليمامة;Private Universities And Colleges;PRIUNIANDCOL
جامعةعفت;Private Universities And Colleges;PRIUNIANDCOL
جامعةدارالعلومالأهلية;Private Universities And Colleges;PRIUNIANDCOL
جامعةفهدبنسلطانالأهلية;Private Universities And Colleges;PRIUNIANDCOL
كلياتالقصيمالأهلية;Private Universities And Colleges;PRIUNIANDCOL
كليةدارالحكمة;Private Universities And Colleges;PRIUNIANDCOL
كليةالأميرسلطانللسياحةوالإدارةبأبها;Private Universities And Colleges;PRIUNIANDCOL
كليةالباحةالأهليةللعلوم;Private Universities And Colleges;PRIUNIANDCOL
جامعةالأعمالوالتكنولوجياالأهلية;Private Universities And Colleges;PRIUNIANDCOL
كليةالدكتورسليمانفقيهللعلومالطبية;Private Universities And Colleges;PRIUNIANDCOL
كلياتالرياضلطبالأسنانوالصيدلة;Private Universities And Colleges;PRIUNIANDCOL
كليةابنسيناالأهليةللعلومالطبية;Private Universities And Colleges;PRIUNIANDCOL
كليةالأميرسلطانللسياحةوالإدارةبجدة;Private Universities And Colleges;PRIUNIANDCOL
كليةالبترجيللعلومالطبيةوالتكنولوجياالأهلية;Private Universities And Colleges;PRIUNIANDCOL
كليةسعدللتمريضوالعلومالصحيةالأهلية;Private Universities And Colleges;PRIUNIANDCOL
كليةالريادةللعلومالصحيةالأهلية;Private Universities And Colleges;PRIUNIANDCOL
كليةالمعرفةللعلوموالتقنية;Private Universities And Colleges;PRIUNIANDCOL
كلياتبريدةالأهلية;Private Universities And Colleges;PRIUNIANDCOL
كليةمحمدالمانعالأهليةللعلومالطبية;Private Universities And Colleges;PRIUNIANDCOL
كليةالفارابيلطبالأسنانوالتمريض;Private Universities And Colleges;PRIUNIANDCOL
كلياتالغدالدوليةللعلومالصحية;Private Universities And Colleges;PRIUNIANDCOL
كلياتسليمانالراجحيالأهلية;Private Universities And Colleges;PRIUNIANDCOL
كلياتالشرقالعربيللدراساتالعليا;Private Universities And Colleges;PRIUNIANDCOL
كليةالعنايةالطبية;Private Universities And Colleges;PRIUNIANDCOL
إجماليالجامعاتوالكلياتالأهلية;Private Universities And Colleges;PRIUNIANDCOL
كليةالجبيلالصناعية;Other Institutions;OTHINS
كيلةالجبيلالجامعية;Other Institutions;OTHINS
كليةينبعالصناعية;Other Institutions;OTHINS
كليةينبعالجامعية;Other Institutions;OTHINS
معهدالإدارةالعامة;Other Institutions;OTHINS
كليةالأميرسلطانللعلومالصحيةبالظهران;Other Institutions;OTHINS
معهدالجبيلالتقني;Other Institutions;OTHINS
المؤسسةالعامةللتدريبالتقنيوالمهني;Other Institutions;OTHINS
إجماليمؤسساتالتعليمالعاليالأخرى;Other Institutions;OTHINS
إجماليمؤسساتالتعليمالعاليفيالمملكة;All Institution Types;ALLINSTYP
جامعةالإماممحمدبنسعودالإسلامية;Public Universities;PUBUNI
جامعةدارالحكمة;Private Universities And Colleges;PRIUNIANDCOL
كليةابنرشدللعلومالإدارية;Private Universities And Colleges;PRIUNIANDCOL
كليةالجبيلالجامعية;Other Institutions;OTHINS
قطاعينبعالتعليمي;Other Institutions;OTHINS
كليةالأميرسلطانالعسكريةللعلومالصحيةبالظهران;Other Institutions;OTHINS
الجامعةالعربيةالمفتوحة;Private Universities And Colleges;PRIUNIANDCOL
معهدالإدراةالعامة;Other Institutions;OTHINS
جامعةأمالقرىدراساتعليا;Public Universities;PUBUNI
الجامعةالإسلاميةدراساتعليا;Public Universities;PUBUNI
جامعةالملكسعوددراساتعليا;Public Universities;PUBUNI
جامعةالملكعبدالعزيزدراساتعليا;Public Universities;PUBUNI
جامعةالملكفهدللبترولوالمعادندراساتعليا;Public Universities;PUBUNI
جامعةالملكفيصلدراساتعليا;Public Universities;PUBUNI
جامعةالملكخالددراساتعليا;Public Universities;PUBUNI
جامعةالقصيمدراساتعليا;Public Universities;PUBUNI
جامعةطيبةدراساتعليا;Public Universities;PUBUNI
جامعةالطائفدراساتعليا;Public Universities;PUBUNI
جامعةالملكسعودبنعبدالعزيزللعلومالصحيةدراساتعليا;Public Universities;PUBUNI
جامعةحائلدراساتعليا;Public Universities;PUBUNI
جامعةتبوكدراساتعليا;Public Universities;PUBUNI
جامعةالباحةدراساتعليا;Public Universities;PUBUNI
جامعةنجراندراساتعليا;Public Universities;PUBUNI
جامعةالأميرةنورةبنتعبدالرحمندراساتعليا;Public Universities;PUBUNI
جامعةشقراءدراساتعليا;Public Universities;PUBUNI
جامعةالدمامدراساتعليا;Public Universities;PUBUNI
الجامعةالسعوديةالإلكترونيةدراساتعليا;Public Universities;PUBUNI
جامعةالأميرسلطاندراساتعليا;Private Universities And Colleges;PRIUNIANDCOL
الجامعةالعربيةالمفتوحةدراساتعليا;Private Universities And Colleges;PRIUNIANDCOL
جامعةالأميرمحمدبنفهددراساتعليا;Private Universities And Colleges;PRIUNIANDCOL
جامعةالفيصلدراساتعليا;Private Universities And Colleges;PRIUNIANDCOL
جامعةاليمامةدراساتعليا;Private Universities And Colleges;PRIUNIANDCOL
جامعةعفتدراساتعليا;Private Universities And Colleges;PRIUNIANDCOL
جامعةدارالعلومالأهليةدراساتعليا;Private Universities And Colleges;PRIUNIANDCOL
جامعةفهدبنسلطاندراساتعليا;Private Universities And Colleges;PRIUNIANDCOL
جامعةدارالحكمةدراساتعليا;Private Universities And Colleges;PRIUNIANDCOL
كليةابنرشدللعلومالإداريةدراساتعليا;Private Universities And Colleges;PRIUNIANDCOL
جامعةالأعمالوالتكنولوجياالأهليةدراساتعليا;Private Universities And Colleges;PRIUNIANDCOL
كلياتالرياضلطبالأسنانوالصيدلةدراساتعليا;Private Universities And Colleges;PRIUNIANDCOL
كليةالأميرسلطانللسياحةوالإدارةبجدةدراساتعليا;Private Universities And Colleges;PRIUNIANDCOL
معهدالإدارةالعامةدراساتعليا;Other Institutions;OTHINS
كليةالأميرسلطانالعسكريةللعلومالصحيةبالظهراندراساتعليا;Other Institutions;OTHINS
الإجماليالكلي;All Institution Types;ALLINSTYP
جامعةالخرج;Public Universities;PUBUNI
الإجماليالعام;All Institution Types;ALLINSTYP
جامعةالاماممحمدبنسعودالاسلامية;Public Universities;PUBUNI
جامعةالرياضللبنات;Public Universities;PUBUNI
الإجمالي;All Institution Types;ALLINSTYP
جامعةأمالقرىدبلوممتوسط;Public Universities;PUBUNI
الجامعةالإسلاميةدبلوممتوسط;Public Universities;PUBUNI
جامعةالإماممحمدبنسعودالإسلاميةدبلوممتوسط;Public Universities;PUBUNI
جامعةالملكسعوددبلوممتوسط;Public Universities;PUBUNI
جامعةالملكعبدالعزيزدبلوممتوسط;Public Universities;PUBUNI
جامعةالملكفهدللبترولوالمعادندبلوممتوسط;Public Universities;PUBUNI
جامعةالملكفيصلدبلوممتوسط;Public Universities;PUBUNI
جامعةالملكخالددبلوممتوسط;Public Universities;PUBUNI
جامعةالقصيمدبلوممتوسط;Public Universities;PUBUNI
جامعةطيبةدبلوممتوسط;Public Universities;PUBUNI
جامعةجازاندبلوممتوسط;Public Universities;PUBUNI
جامعةحائلدبلوممتوسط;Public Universities;PUBUNI
جامعةالجوفدبلوممتوسط;Public Universities;PUBUNI
جامعةتبوكدبلوممتوسط;Public Universities;PUBUNI
جامعةالباحةدبلوممتوسط;Public Universities;PUBUNI
جامعةنجراندبلوممتوسط;Public Universities;PUBUNI
جامعةالأميرةنورةبنتعبدالرحمندبلوممتوسط;Public Universities;PUBUNI
جامعةالحدودالشماليةدبلوممتوسط;Public Universities;PUBUNI
جامعةشقراءدبلوممتوسط;Public Universities;PUBUNI
جامعةسلمانبنعبدالعزيزدبلوممتوسط;Public Universities;PUBUNI
جامعةالدمامدبلوممتوسط;Public Universities;PUBUNI
جامعةالمجمعةدبلوممتوسط;Public Universities;PUBUNI
كليةالجبيلالصناعيةدبلوممتوسط;Other Institutions;OTHINS
قطاعينبعالتعليميدبلوممتوسط;Other Institutions;OTHINS
معهدالإدارةالعامةدبلومالمتوسط;Other Institutions;OTHINS
كليةالأميرسلطانالعسكريةللعلومالصحيةبالظهراندبلوممتوسط;Other Institutions;OTHINS
معهدالجبيلالتقنيدبلوممتوسط;Other Institutions;OTHINS
جامعةأمالقرىبكالوريوس;Public Universities;PUBUNI
الجامعةالإسلاميةبكالوريوس;Public Universities;PUBUNI
جامعةالإماممحمدبنسعودالإسلاميةبكالوريوس;Public Universities;PUBUNI
جامعةالملكسعودبكالوريوس;Public Universities;PUBUNI
جامعةالملكعبدالعزيزبكالوريوس;Public Universities;PUBUNI
جامعةالملكفهدللبترولوالمعادنبكالوريوس;Public Universities;PUBUNI
جامعةالملكفيصلبكالوريوس;Public Universities;PUBUNI
جامعةالملكخالدبكالوريوس;Public Universities;PUBUNI
جامعةالقصيمبكالوريوس;Public Universities;PUBUNI
جامعةطيبةبكالوريوس;Public Universities;PUBUNI
جامعةالطائفبكالوريوس;Public Universities;PUBUNI
جامعةالملكسعودبنعبدالعزيزللعلومالصحيةبكالوريوس;Public Universities;PUBUNI
جامعةجازانبكالوريوس;Public Universities;PUBUNI
جامعةحائلبكالوريوس;Public Universities;PUBUNI
جامعةالجوفبكالوريوس;Public Universities;PUBUNI
جامعةتبوكبكالوريوس;Public Universities;PUBUNI
جامعةالباحةبكالوريوس;Public Universities;PUBUNI
جامعةنجرانبكالوريوس;Public Universities;PUBUNI
جامعةالأميرةنورةبنتعبدالرحمنبكالوريوس;Public Universities;PUBUNI
جامعةالحدودالشماليةبكالوريوس;Public Universities;PUBUNI
جامعةشقراءبكالوريوس;Public Universities;PUBUNI
جامعةسلمانبنعبدالعزيزبكالوريوس;Public Universities;PUBUNI
جامعةالدمامبكالوريوس;Public Universities;PUBUNI
جامعةالمجمعةبكالوريوس;Public Universities;PUBUNI
الجامعةالسعوديةالإلكترونيةبكالوريوس;Public Universities;PUBUNI
جامعةالأميرسلطانبكالوريوس;Private Universities And Colleges;PRIUNIANDCOL
الجامعةالعربيةالمفتوحةبكالوريوس;Private Universities And Colleges;PRIUNIANDCOL
جامعةالأميرمحمدبنفهدبكالوريوس;Private Universities And Colleges;PRIUNIANDCOL
جامعةالفيصلبكالوريوس;Private Universities And Colleges;PRIUNIANDCOL
جامعةاليمامةبكالوريوس;Private Universities And Colleges;PRIUNIANDCOL
جامعةعفتبكالوريوس;Private Universities And Colleges;PRIUNIANDCOL
جامعةدارالعلومالأهليةبكالوريوس;Private Universities And Colleges;PRIUNIANDCOL
جامعةفهدبنسلطانبكالوريوس;Private Universities And Colleges;PRIUNIANDCOL
كلياتالقصيمالأهليةبكالوريوس;Private Universities And Colleges;PRIUNIANDCOL
جامعةدارالحكمةبكالوريوس;Private Universities And Colleges;PRIUNIANDCOL
كليةابنرشدللعلومالإداريةبكالوريوس;Private Universities And Colleges;PRIUNIANDCOL
كليةالباحةالأهليةللعلومبكالوريوس;Private Universities And Colleges;PRIUNIANDCOL
جامعةالأعمالوالتكنولوجياالأهليةبكالوريوس;Private Universities And Colleges;PRIUNIANDCOL
كليةالدكتورسليمانفقيهللتمريضوالعلومالطبيةبكالوريوس;Private Universities And Colleges;PRIUNIANDCOL
كلياتالرياضلطبالأسنانوالصيدلةبكالوريوس;Private Universities And Colleges;PRIUNIANDCOL
كليةابنسيناالأهليةللعلومالطبيةبكالوريوس;Private Universities And Colleges;PRIUNIANDCOL
كليةالأميرسلطانللسياحةوالإدارةبجدةبكالوريوس;Private Universities And Colleges;PRIUNIANDCOL
كليةالبترجيللعلومالطبيةوالتكنولوجياالأهليةبكالوريوس;Private Universities And Colleges;PRIUNIANDCOL
كليةسعدللتمريضوالعلومالصحيةالأهليةبكالوريوس;Private Universities And Colleges;PRIUNIANDCOL
كليةالريادةللعلومالصحيةالأهليةبكالوريوس;Private Universities And Colleges;PRIUNIANDCOL
كليةالمعرفةللعلوموالتقنيةبكالوريوس;Private Universities And Colleges;PRIUNIANDCOL
كلياتبريدةالأهليةبكالوريوس;Private Universities And Colleges;PRIUNIANDCOL
كليةمحمدالمانعالأهليةللعلومالطبيةبكالوريوس;Private Universities And Colleges;PRIUNIANDCOL
كليةالفارابيلطبالأسنانوالتمريضبكالوريوس;Private Universities And Colleges;PRIUNIANDCOL
كلياتالغدالدوليةللعلومالطبيةالتطبيقيةبكالوريوس;Private Universities And Colleges;PRIUNIANDCOL
كلياتسليمانالراجحيالأهليةبكالوريوس;Private Universities And Colleges;PRIUNIANDCOL
كليةالعنايةالطبيةالأهليةبكالوريوس;Private Universities And Colleges;PRIUNIANDCOL
كليةالجبيلالصناعيةبكالوريوس;All Institution Types;ALLINSTYP
الكليةالجامعيةبالجبيلبكالوريوس;All Institution Types;ALLINSTYP
قطاعينبعالتعليميبكالوريوس;All Institution Types;ALLINSTYP
كليةالأميرسلطانالعسكريةللعلومالصحيةبالظهرانبكالوريوس;All Institution Types;ALLINSTYP
المؤسسةالعامةللتدريبالتقنيوالمهنيبكالوريوس;All Institution Types;ALLINSTYP
